﻿<?xml version="1.0" encoding="utf-8"?>
<Project ToolsVersion="14.0" DefaultTargets="Build" xmlns="http://schemas.microsoft.com/developer/msbuild/2003">
  <Import Project="$(SolutionDir)\packages\MSBuildTasks.1.5.0.235\build\MSBuildTasks.targets" Condition="Exists('$(SolutionDir)\packages\MSBuildTasks.1.5.0.235\build\MSBuildTasks.targets')" />
  <Target Name="EnsureNuGetPackageBuildImports" BeforeTargets="PrepareForBuild">
    <PropertyGroup>
      <ErrorText>This project references NuGet package(s) that are missing on this computer. Use NuGet Package Restore to download them.  For more information, see http://go.microsoft.com/fwlink/?LinkID=322105. The missing file is {0}.</ErrorText>
    </PropertyGroup>
    <Error Condition="!Exists('$(SolutionDir)\packages\MSBuildTasks.1.5.0.235\build\MSBuildTasks.targets')" Text="$([System.String]::Format('$(ErrorText)', '$(SolutionDir)\packages\MSBuildTasks.1.5.0.235\build\MSBuildTasks.targets'))" />
  </Target>
  <Import Project="$(MSBuildExtensionsPath)\$(MSBuildToolsVersion)\Microsoft.Common.props" Condition="Exists('$(MSBuildExtensionsPath)\$(MSBuildToolsVersion)\Microsoft.Common.props')" />
  <PropertyGroup>
    <MyNewGuid>$([System.Guid]::NewGuid())</MyNewGuid>
  </PropertyGroup>
  <Target Name="IncrementVersion" Condition="'$(SkipIncrementAssemblyVersion)' != 'true'" BeforeTargets="PrepareForBuild">
    <Message Importance="high" Text="Incrementing build number..." />
    <Version VersionFile="$(SolutionDir)$(ProjectName)\Version.txt" StartDate="01/31/2015" BuildType="Increment">
      <Output TaskParameter="Major" PropertyName="Major" />
      <Output TaskParameter="Minor" PropertyName="Minor" />
      <Output TaskParameter="Build" PropertyName="Build" />
      <Output TaskParameter="Revision" PropertyName="Revision" />
    </Version>
    <PropertyGroup>
      <BuildNumber>$(Major).$(Minor).$(Build).$(Revision)</BuildNumber>
    </PropertyGroup>
    <Message Importance="high" Text="Incrementing build number to $(BuildNumber)" />
    <FileUpdate Files="Properties\AssemblyInfo.cs" Regex="(\d+)\.(\d+)\.(\d+)\.(\d+)" ReplacementText="$(BuildNumber)" />
    <!-- <FileUpdate Files="SureMedPlusRdlc.csproj" Regex="AssemblyName**" ReplacementText="AssemblyName*" /> -->
  </Target>
  <PropertyGroup>
    <Configuration Condition=" '$(Configuration)' == '' ">Debug</Configuration>
    <Platform Condition=" '$(Platform)' == '' ">AnyCPU</Platform>
    <ProjectGuid>{C5232B73-41BD-478C-8A05-A27F82780777}</ProjectGuid>
    <OutputType>Library</OutputType>
    <AppDesignerFolder>Properties</AppDesignerFolder>
    <RootNamespace>SureMedPlusRdlc</RootNamespace>
    <AssemblyName>SureMedPlusRdlc</AssemblyName>
    <TargetFrameworkVersion>v4.5.1</TargetFrameworkVersion>
    <FileAlignment>512</FileAlignment>
    <SccProjectName>SAK</SccProjectName>
    <SccLocalPath>SAK</SccLocalPath>
    <SccAuxPath>SAK</SccAuxPath>
    <SccProvider>SAK</SccProvider>
    <NuGetPackageImportStamp>
    </NuGetPackageImportStamp>
  </PropertyGroup>
  <PropertyGroup Condition=" '$(Configuration)|$(Platform)' == 'Debug|AnyCPU' ">
    <DebugSymbols>true</DebugSymbols>
    <DebugType>full</DebugType>
    <Optimize>false</Optimize>
    <OutputPath>bin\Debug\</OutputPath>
    <DefineConstants>DEBUG;TRACE</DefineConstants>
    <ErrorReport>prompt</ErrorReport>
    <WarningLevel>4</WarningLevel>
    <AssemblyName>$(RootNamespace)_$(MyNewGuid)</AssemblyName>
  </PropertyGroup>
  <PropertyGroup Condition=" '$(Configuration)|$(Platform)' == 'Release|AnyCPU' ">
    <DebugType>pdbonly</DebugType>
    <Optimize>true</Optimize>
    <OutputPath>bin\Release\</OutputPath>
    <DefineConstants>TRACE</DefineConstants>
    <ErrorReport>prompt</ErrorReport>
    <WarningLevel>4</WarningLevel>
    <AssemblyName>$(RootNamespace)_$(MyNewGuid)</AssemblyName>
  </PropertyGroup>
 
  
  <ItemGroup Condition=" '$(Configuration)|$(Platform)' == 'Debug|AnyCPU' ">
    <Reference Include="BCO.DataReportModule">
      <HintPath>Libs\BCO.DataReportModule.dll</HintPath>
    </Reference>
    <Reference Include="CommonLib">
      <HintPath>Libs\CommonLib.dll</HintPath>
    </Reference>
  </ItemGroup>
  <ItemGroup>
    <Reference Include="Microsoft.Practices.Prism.Composition, Version=5.0.0.0, Culture=neutral, PublicKeyToken=31bf3856ad364e35, processorArchitecture=MSIL">
      <HintPath>$(SolutionDir)\packages\Prism.Composition.5.0.0\lib\NET45\Microsoft.Practices.Prism.Composition.dll</HintPath>
      <Private>True</Private>
    </Reference>
    <Reference Include="Microsoft.Practices.Prism.Mvvm, Version=1.1.1.0, Culture=neutral, PublicKeyToken=31bf3856ad364e35, processorArchitecture=MSIL">
      <HintPath>$(SolutionDir)\packages\Prism.Mvvm.1.1.1\lib\net45\Microsoft.Practices.Prism.Mvvm.dll</HintPath>
      <Private>True</Private>
    </Reference>
    <Reference Include="Microsoft.Practices.Prism.PubSubEvents, Version=1.0.0.0, Culture=neutral, PublicKeyToken=31bf3856ad364e35, processorArchitecture=MSIL">
      <HintPath>$(SolutionDir)\packages\Prism.PubSubEvents.1.0.0\lib\portable-sl4+wp7+windows8+net40\Microsoft.Practices.Prism.PubSubEvents.dll</HintPath>
      <Private>True</Private>
    </Reference>
    <Reference Include="Microsoft.Practices.Prism.SharedInterfaces">
      <HintPath>$(SolutionDir)\packages\Prism.Mvvm.1.1.1\lib\net45\Microsoft.Practices.Prism.SharedInterfaces.dll</HintPath>
    </Reference>
    <Reference Include="Microsoft.Practices.ServiceLocation, Version=1.2.0.0, Culture=neutral, PublicKeyToken=31bf3856ad364e35, processorArchitecture=MSIL">
      <HintPath>$(SolutionDir)\packages\CommonServiceLocator.1.2\lib\portable-windows8+net40+sl5+windowsphone8\Microsoft.Practices.ServiceLocation.dll</HintPath>
      <Private>True</Private>
    </Reference>
    <Reference Include="Microsoft.Practices.Unity, Version=3.5.0.0, Culture=neutral, PublicKeyToken=31bf3856ad364e35, processorArchitecture=MSIL">
      <HintPath>$(SolutionDir)\packages\Unity.3.5.1404.0\lib\net45\Microsoft.Practices.Unity.dll</HintPath>
      <Private>True</Private>
    </Reference>
    <Reference Include="Microsoft.ReportViewer.WinForms, Version=12.0.0.0, Culture=neutral, PublicKeyToken=89845dcd8080cc91, processorArchitecture=MSIL" />
    <Reference Include="PresentationCore" />
    <Reference Include="PresentationFramework" />
    <Reference Include="System" />
    <Reference Include="System.Drawing" />
    <Reference Include="System.Windows.Forms" />
    <Reference Include="System.Xaml" />
    <Reference Include="Microsoft.CSharp" />
    <Reference Include="System.Data" />
    <Reference Include="System.Xml" />
    <Reference Include="WindowsBase" />
    <Reference Include="WindowsFormsIntegration" />
  </ItemGroup>
  <ItemGroup>    
    <Compile Include="Linguist.cs" />
    <Compile Include="Models\ReportViewNames.cs" />
    <Compile Include="Models\SureMedRdlcReportInsideInfo.cs" />
    <Compile Include="Models\SureMedRdlcReportOutsideCupInfo.cs" />
    <Compile Include="Models\SureMedRdlcReportOutsideInfo.cs" />
    <Compile Include="Models\SureMedRdlcReportOutsidePillInfo.cs" />
    <Compile Include="Properties\AssemblyInfo.cs" />
    <Compile Include="ReportGenerator.cs" />
    <Compile Include="ReportModule.cs" />
    <Compile Include="Settings.Designer.cs">
      <AutoGen>True</AutoGen>
      <DesignTimeSharedInput>True</DesignTimeSharedInput>
      <DependentUpon>Settings.settings</DependentUpon>
    </Compile>
    <Compile Include="Views\RDLCReportView.xaml.cs">
      <DependentUpon>RDLCReportView.xaml</DependentUpon>
    </Compile>
  </ItemGroup>
  <ItemGroup>
    <None Include="app.config" />
    <None Include="packages.config">
      <SubType>Designer</SubType>
    </None>
    <None Include="Properties\DataSources\SureMedPlusRdlc.Models.SureMedRdlcReportInsideInfo.datasource" />
    <None Include="Properties\DataSources\SureMedPlusRdlc.Models.SureMedRdlcReportOutsideInfo.datasource" />
    <None Include="PublicPrivateKeyFile.snk" />
    <None Include="Settings.settings">
      <Generator>SettingsSingleFileGenerator</Generator>
      <LastGenOutput>Settings.Designer.cs</LastGenOutput>
    </None>
  </ItemGroup>
  <ItemGroup>
    <EmbeddedResource Include="Languages\en.xml">
      <SubType>Designer</SubType>
    </EmbeddedResource>
    <EmbeddedResource Include="Languages\fr.xml">
      <SubType>Designer</SubType>
    </EmbeddedResource>
    <EmbeddedResource Include="Rdlc\drugDetail.rdlc" />
    <EmbeddedResource Include="Rdlc\drugDetailCol1.rdlc" />
    <EmbeddedResource Include="Rdlc\drugDetailCol2.rdlc" />
    <EmbeddedResource Include="Rdlc\page2.rdlc" />
    <EmbeddedResource Include="Rdlc\SureMedReport2ColsView.rdlc">
      <SubType>Designer</SubType>
    </EmbeddedResource>
    <EmbeddedResource Include="Rdlc\SureMedReport2Cols_Col1.rdlc" />
    <EmbeddedResource Include="Rdlc\SureMedReport2Cols_Col2.rdlc" />
    <EmbeddedResource Include="Rdlc\SureMedReport2Cols_Col3.rdlc" />
    <EmbeddedResource Include="Rdlc\SureMedReport2Cols_Col4.rdlc" />
  </ItemGroup>
  <ItemGroup>
    <Page Include="Views\RDLCReportView.xaml">
      <Generator>MSBuild:Compile</Generator>
      <SubType>Designer</SubType>
    </Page>
  </ItemGroup>
  <ItemGroup>
    <Folder Include="Libs\" />
  </ItemGroup>
  <Import Project="$(MSBuildToolsPath)\Microsoft.CSharp.targets" />
  <Target Name="PostBuildMacros">
    <GetAssemblyIdentity AssemblyFiles="$(TargetPath)">
      <Output TaskParameter="Assemblies" ItemName="Targets" />
    </GetAssemblyIdentity>
  </Target>
  <PropertyGroup>
    <PreBuildEvent>cd $(TargetDir)
del *.dll</PreBuildEvent>
  </PropertyGroup>
  <PropertyGroup>
    <PostBuildEventDependsOn>
      $(PostBuildEventDependsOn);
      PostBuildMacros;
    </PostBuildEventDependsOn>
    <PostBuildEvent>ren "$(TargetFileName)" "$(ProjectName)_@(Targets->'%(Version)')$(TargetExt)"</PostBuildEvent>
  </PropertyGroup>
  <Target Name="BeforeBuild">
    <FileUpdate Files="Properties\AssemblyInfo.cs" Regex="[A-Za-z0-9]{8}-[A-Za-z0-9]{4}-[A-Za-z0-9]{4}-[A-Za-z0-9]{4}-[A-Za-z0-9]{12}" ReplacementText="$(MyNewGuid)" />
    <FileUpdate Files="ReportModule.cs" Regex="[A-Za-z0-9]{8}-[A-Za-z0-9]{4}-[A-Za-z0-9]{4}-[A-Za-z0-9]{4}-[A-Za-z0-9]{12}" ReplacementText="$(MyNewGuid)" />
    <FileUpdate Files="Models\ReportViewNames.cs" Regex="[A-Za-z0-9]{8}-[A-Za-z0-9]{4}-[A-Za-z0-9]{4}-[A-Za-z0-9]{4}-[A-Za-z0-9]{12}" ReplacementText="$(MyNewGuid)" />
  </Target>
  <!-- To modify your build process, add your task inside one of the targets below and uncomment it. 
       Other similar extension points exist, see Microsoft.Common.targets.
  <Target Name="BeforeBuild">
  </Target>
  <Target Name="AfterBuild">
  </Target>
  -->
</Project>